state,name,picture,href
Alabama,Richard Shelby,https://upload.wikimedia.org/wikipedia/commons/thumb/c/c5/Richard_Shelby%2C_official_portrait%2C_112th_Congress_%28cropped%29.jpg/95px-Richard_Shelby%2C_official_portrait%2C_112th_Congress_%28cropped%29.jpg,https://en.wikipedia.org/wiki/wiki/Richard_Shelby
Alabama,Doug Jones,https://upload.wikimedia.org/wikipedia/commons/thumb/f/f0/Senator_Doug_Jones_official_photo_%28cropped_2%29.jpg/95px-Senator_Doug_Jones_official_photo_%28cropped_2%29.jpg,https://en.wikipedia.org/wiki/wiki/Doug_Jones_(politician)
Alaska,Lisa Murkowski,https://upload.wikimedia.org/wikipedia/commons/thumb/4/4b/Lisa_Murkowski_official_photo_%28cropped%29.jpg/95px-Lisa_Murkowski_official_photo_%28cropped%29.jpg,https://en.wikipedia.org/wiki/wiki/Lisa_Murkowski
Alaska,Dan Sullivan,https://upload.wikimedia.org/wikipedia/commons/thumb/0/0e/Senator_Dan_Sullivan_official_%28cropped%29.jpg/95px-Senator_Dan_Sullivan_official_%28cropped%29.jpg,https://en.wikipedia.org/wiki/wiki/Dan_Sullivan_(U.S._senator)
Arizona,Kyrsten Sinema,https://upload.wikimedia.org/wikipedia/commons/thumb/9/92/Kyrsten_Sinema_by_Gage_Skidmore_%28cropped%29.jpg/95px-Kyrsten_Sinema_by_Gage_Skidmore_%28cropped%29.jpg,https://en.wikipedia.org/wiki/wiki/Kyrsten_Sinema
Arizona,Martha McSally,https://upload.wikimedia.org/wikipedia/commons/thumb/0/04/Sen._Martha_McSally_official_Senate_headshot_116th_congress_%28cropped%29.jpg/95px-Sen._Martha_McSally_official_Senate_headshot_116th_congress_%28cropped%29.jpg,https://en.wikipedia.org/wiki/wiki/Martha_McSally
Arkansas,John Boozman,https://upload.wikimedia.org/wikipedia/commons/thumb/3/36/John_Boozman%2C_official_portrait%2C_112th_Congress_%28cropped%29.jpg/95px-John_Boozman%2C_official_portrait%2C_112th_Congress_%28cropped%29.jpg,https://en.wikipedia.org/wiki/wiki/John_Boozman
Arkansas,Tom Cotton,https://upload.wikimedia.org/wikipedia/commons/thumb/6/66/Tom_Cotton_official_Senate_photo_%28cropped%29.jpg/95px-Tom_Cotton_official_Senate_photo_%28cropped%29.jpg,https://en.wikipedia.org/wiki/wiki/Tom_Cotton
California,Dianne Feinstein,https://upload.wikimedia.org/wikipedia/commons/thumb/1/10/Dianne_Feinstein%2C_official_Senate_photo_2_%28cropped%29.jpg/95px-Dianne_Feinstein%2C_official_Senate_photo_2_%28cropped%29.jpg,https://en.wikipedia.org/wiki/wiki/Dianne_Feinstein
California,Kamala Harris,https://upload.wikimedia.org/wikipedia/commons/thumb/4/40/Kamala_Harris_official_photo_%28cropped%29.jpg/95px-Kamala_Harris_official_photo_%28cropped%29.jpg,https://en.wikipedia.org/wiki/wiki/Kamala_Harris
Colorado,Michael Bennet,https://upload.wikimedia.org/wikipedia/commons/thumb/4/4d/Michael_Bennet_Official_Photo_%28cropped%29.jpg/95px-Michael_Bennet_Official_Photo_%28cropped%29.jpg,https://en.wikipedia.org/wiki/wiki/Michael_Bennet
Colorado,Cory Gardner,https://upload.wikimedia.org/wikipedia/commons/thumb/3/3b/Cory_Gardner_official_Senate_portrait_%28cropped%29.jpeg/95px-Cory_Gardner_official_Senate_portrait_%28cropped%29.jpeg,https://en.wikipedia.org/wiki/wiki/Cory_Gardner
Connecticut,Richard Blumenthal,https://upload.wikimedia.org/wikipedia/commons/thumb/3/36/Richard_Blumenthal_Official_Portrait_%28cropped%29.jpg/95px-Richard_Blumenthal_Official_Portrait_%28cropped%29.jpg,https://en.wikipedia.org/wiki/wiki/Richard_Blumenthal
Connecticut,Chris Murphy,https://upload.wikimedia.org/wikipedia/commons/thumb/4/47/Chris_Murphy%2C_official_portrait%2C_113th_Congress_%28cropped%29.jpg/95px-Chris_Murphy%2C_official_portrait%2C_113th_Congress_%28cropped%29.jpg,https://en.wikipedia.org/wiki/wiki/Chris_Murphy
Delaware,Tom Carper,https://upload.wikimedia.org/wikipedia/commons/thumb/8/8e/Tom_Carper%2C_official_portrait%2C_112th_Congress_%28cropped%29.jpg/95px-Tom_Carper%2C_official_portrait%2C_112th_Congress_%28cropped%29.jpg,https://en.wikipedia.org/wiki/wiki/Tom_Carper
Delaware,Chris Coons,https://upload.wikimedia.org/wikipedia/commons/thumb/9/99/Chris_Coons%2C_official_portrait%2C_112th_Congress_%28cropped%29.jpg/95px-Chris_Coons%2C_official_portrait%2C_112th_Congress_%28cropped%29.jpg,https://en.wikipedia.org/wiki/wiki/Chris_Coons
Florida,Marco Rubio,https://upload.wikimedia.org/wikipedia/commons/thumb/c/c4/Senator_Rubio_official_portrait_%28cropped%29.jpg/95px-Senator_Rubio_official_portrait_%28cropped%29.jpg,https://en.wikipedia.org/wiki/wiki/Marco_Rubio
Florida,Rick Scott,https://upload.wikimedia.org/wikipedia/commons/thumb/d/d7/Official_Portrait_of_Senator_Rick_Scott_%28cropped%29.jpg/95px-Official_Portrait_of_Senator_Rick_Scott_%28cropped%29.jpg,https://en.wikipedia.org/wiki/wiki/Rick_Scott
Georgia,David Perdue,https://upload.wikimedia.org/wikipedia/commons/thumb/a/a2/David_Perdue%2C_Official_Portrait%2C_114th_Congress_%28cropped%29.jpg/95px-David_Perdue%2C_Official_Portrait%2C_114th_Congress_%28cropped%29.jpg,https://en.wikipedia.org/wiki/wiki/David_Perdue
Georgia,Kelly Loeffler,https://upload.wikimedia.org/wikipedia/commons/thumb/f/fa/Kelly_Loeffler_%28cropped%29.jpg/95px-Kelly_Loeffler_%28cropped%29.jpg,https://en.wikipedia.org/wiki/wiki/Kelly_Loeffler
Hawaii,Brian Schatz,https://upload.wikimedia.org/wikipedia/commons/thumb/4/4b/Brian_Schatz%2C_official_portrait%2C_113th_Congress_2_%28cropped%29.jpg/95px-Brian_Schatz%2C_official_portrait%2C_113th_Congress_2_%28cropped%29.jpg,https://en.wikipedia.org/wiki/wiki/Brian_Schatz
Hawaii,Mazie Hirono,https://upload.wikimedia.org/wikipedia/commons/thumb/8/85/Mazie_Hirono%2C_official_portrait%2C_113th_Congress_%28cropped%29.jpg/95px-Mazie_Hirono%2C_official_portrait%2C_113th_Congress_%28cropped%29.jpg,https://en.wikipedia.org/wiki/wiki/Mazie_Hirono
Idaho,Mike Crapo,https://upload.wikimedia.org/wikipedia/commons/thumb/3/3d/Mike_Crapo_Official_Photo_110th_Congress_%28cropped%29.jpg/95px-Mike_Crapo_Official_Photo_110th_Congress_%28cropped%29.jpg,https://en.wikipedia.org/wiki/wiki/Mike_Crapo
Idaho,Jim Risch,https://upload.wikimedia.org/wikipedia/commons/thumb/e/e5/Jim_Risch_official_portrait_%28cropped%29.jpg/95px-Jim_Risch_official_portrait_%28cropped%29.jpg,https://en.wikipedia.org/wiki/wiki/Jim_Risch
Illinois,Dick Durbin,https://upload.wikimedia.org/wikipedia/commons/thumb/2/29/Richard_Durbin_official_photo_%28cropped%29.jpg/95px-Richard_Durbin_official_photo_%28cropped%29.jpg,https://en.wikipedia.org/wiki/wiki/Dick_Durbin
Illinois,Tammy Duckworth,https://upload.wikimedia.org/wikipedia/commons/thumb/c/cc/Tammy_Duckworth_115th_official_portrait_%28cropped%29.jpg/95px-Tammy_Duckworth_115th_official_portrait_%28cropped%29.jpg,https://en.wikipedia.org/wiki/wiki/Tammy_Duckworth
Indiana,Todd Young,https://upload.wikimedia.org/wikipedia/commons/thumb/0/0d/Senator_Todd_Young_official_portrait_%28cropped%29.jpg/95px-Senator_Todd_Young_official_portrait_%28cropped%29.jpg,https://en.wikipedia.org/wiki/wiki/Todd_Young
Indiana,Mike Braun,https://upload.wikimedia.org/wikipedia/commons/thumb/7/70/Mike_Braun%2C_Official_Portrait%2C_116th_Congress_%28cropped%29.jpg/95px-Mike_Braun%2C_Official_Portrait%2C_116th_Congress_%28cropped%29.jpg,https://en.wikipedia.org/wiki/wiki/Mike_Braun
Iowa,Chuck Grassley,https://upload.wikimedia.org/wikipedia/commons/thumb/1/1c/Chuck_Grassley_official_photo_2017_%28cropped%29.jpg/95px-Chuck_Grassley_official_photo_2017_%28cropped%29.jpg,https://en.wikipedia.org/wiki/wiki/Chuck_Grassley
Iowa,Joni Ernst,https://upload.wikimedia.org/wikipedia/commons/thumb/7/74/Joni_Ernst%2C_official_portrait%2C_116th_Congress_3.jpg/95px-Joni_Ernst%2C_official_portrait%2C_116th_Congress_3.jpg,https://en.wikipedia.org/wiki/wiki/Joni_Ernst
Kansas,Pat Roberts,https://upload.wikimedia.org/wikipedia/commons/thumb/d/d7/Pat_Roberts_official_Senate_photo_%28cropped%29.jpg/95px-Pat_Roberts_official_Senate_photo_%28cropped%29.jpg,https://en.wikipedia.org/wiki/wiki/Pat_Roberts
Kansas,Jerry Moran,https://upload.wikimedia.org/wikipedia/commons/thumb/d/d9/Jerry_Moran%2C_official_portrait%2C_112th_Congress_%28cropped%29.jpg/95px-Jerry_Moran%2C_official_portrait%2C_112th_Congress_%28cropped%29.jpg,https://en.wikipedia.org/wiki/wiki/Jerry_Moran
Kentucky,Mitch McConnell,https://upload.wikimedia.org/wikipedia/commons/thumb/a/a8/Sen_Mitch_McConnell_official_%28cropped%29.jpg/95px-Sen_Mitch_McConnell_official_%28cropped%29.jpg,https://en.wikipedia.org/wiki/wiki/Mitch_McConnell
Kentucky,Rand Paul,https://upload.wikimedia.org/wikipedia/commons/thumb/0/01/Rand_Paul%2C_official_portrait%2C_112th_Congress_alternate_%28cropped%29.jpg/95px-Rand_Paul%2C_official_portrait%2C_112th_Congress_alternate_%28cropped%29.jpg,https://en.wikipedia.org/wiki/wiki/Rand_Paul
Louisiana,Bill Cassidy,https://upload.wikimedia.org/wikipedia/commons/thumb/f/f6/Bill_Cassidy_official_Senate_photo_%28cropped%29.jpg/95px-Bill_Cassidy_official_Senate_photo_%28cropped%29.jpg,https://en.wikipedia.org/wiki/wiki/Bill_Cassidy
Louisiana,John Kennedy,https://upload.wikimedia.org/wikipedia/commons/thumb/2/2f/John_Neely_Kennedy%2C_official_portrait%2C_115th_Congress.jpg/95px-John_Neely_Kennedy%2C_official_portrait%2C_115th_Congress.jpg,https://en.wikipedia.org/wiki/wiki/John_Kennedy_(Louisiana_politician)
Maine,Susan Collins,https://upload.wikimedia.org/wikipedia/commons/thumb/a/aa/Susan_Collins_official_Senate_photo_%28cropped%29.jpg/95px-Susan_Collins_official_Senate_photo_%28cropped%29.jpg,https://en.wikipedia.org/wiki/wiki/Susan_Collins
Maine,Angus King,https://upload.wikimedia.org/wikipedia/commons/thumb/e/e9/Angus_King%2C_official_portrait%2C_113th_Congress_%28cropped%29.jpg/95px-Angus_King%2C_official_portrait%2C_113th_Congress_%28cropped%29.jpg,https://en.wikipedia.org/wiki/wiki/Angus_King
Maryland,Ben Cardin,https://upload.wikimedia.org/wikipedia/commons/thumb/e/e5/Ben_Cardin_official_Senate_portrait_%28cropped%29.jpg/95px-Ben_Cardin_official_Senate_portrait_%28cropped%29.jpg,https://en.wikipedia.org/wiki/wiki/Ben_Cardin
Maryland,Chris Van Hollen,https://upload.wikimedia.org/wikipedia/commons/thumb/3/37/Chris_Van_Hollen_official_portrait_115th_Congress_%28cropped%29.jpg/95px-Chris_Van_Hollen_official_portrait_115th_Congress_%28cropped%29.jpg,https://en.wikipedia.org/wiki/wiki/Chris_Van_Hollen
Massachusetts,Elizabeth Warren,https://upload.wikimedia.org/wikipedia/commons/thumb/8/82/Elizabeth_Warren%2C_official_portrait%2C_114th_Congress_%28cropped%29.jpg/95px-Elizabeth_Warren%2C_official_portrait%2C_114th_Congress_%28cropped%29.jpg,https://en.wikipedia.org/wiki/wiki/Elizabeth_Warren
Massachusetts,Ed Markey,https://upload.wikimedia.org/wikipedia/commons/thumb/5/58/Edward_Markey%2C_official_portrait%2C_114th_Congress_%28cropped%29.jpg/95px-Edward_Markey%2C_official_portrait%2C_114th_Congress_%28cropped%29.jpg,https://en.wikipedia.org/wiki/wiki/Ed_Markey
Michigan,Debbie Stabenow,https://upload.wikimedia.org/wikipedia/commons/thumb/6/61/Debbie_Stabenow%2C_official_photo%2C_116th_Congress_%28cropped%29.jpg/95px-Debbie_Stabenow%2C_official_photo%2C_116th_Congress_%28cropped%29.jpg,https://en.wikipedia.org/wiki/wiki/Debbie_Stabenow
Michigan,Gary Peters,https://upload.wikimedia.org/wikipedia/commons/thumb/9/98/Gary_Peters_official_photo_115th_congress_%28cropped%29.jpg/95px-Gary_Peters_official_photo_115th_congress_%28cropped%29.jpg,https://en.wikipedia.org/wiki/wiki/Gary_Peters
Minnesota,Amy Klobuchar,https://upload.wikimedia.org/wikipedia/commons/thumb/3/3b/Amy_Klobuchar%2C_official_portrait%2C_113th_Congress_%28cropped%29.jpg/95px-Amy_Klobuchar%2C_official_portrait%2C_113th_Congress_%28cropped%29.jpg,https://en.wikipedia.org/wiki/wiki/Amy_Klobuchar
Minnesota,Tina Smith,https://upload.wikimedia.org/wikipedia/commons/thumb/f/f8/Tina_Smith%2C_official_portrait%2C_116th_congress_%28cropped%29.jpg/95px-Tina_Smith%2C_official_portrait%2C_116th_congress_%28cropped%29.jpg,https://en.wikipedia.org/wiki/wiki/Tina_Smith
Mississippi,Roger Wicker,https://upload.wikimedia.org/wikipedia/commons/thumb/f/f9/Roger_F._Wicker_crop.jpg/95px-Roger_F._Wicker_crop.jpg,https://en.wikipedia.org/wiki/wiki/Roger_Wicker
Mississippi,Cindy Hyde-Smith,https://upload.wikimedia.org/wikipedia/commons/thumb/a/a2/Cindy_Hyde-Smith_official_photo_%28cropped%29.jpg/95px-Cindy_Hyde-Smith_official_photo_%28cropped%29.jpg,https://en.wikipedia.org/wiki/wiki/Cindy_Hyde-Smith
Missouri,Roy Blunt,https://upload.wikimedia.org/wikipedia/commons/thumb/7/74/Roy_Blunt%2C_Official_Portrait%2C_112th_Congress_%28cropped%29.jpg/95px-Roy_Blunt%2C_Official_Portrait%2C_112th_Congress_%28cropped%29.jpg,https://en.wikipedia.org/wiki/wiki/Roy_Blunt
Missouri,Josh Hawley,https://upload.wikimedia.org/wikipedia/commons/thumb/b/ba/Josh_Hawley_%28cropped%29.jpg/95px-Josh_Hawley_%28cropped%29.jpg,https://en.wikipedia.org/wiki/wiki/Josh_Hawley
Montana,Jon Tester,https://upload.wikimedia.org/wikipedia/commons/thumb/b/b9/JonTester_%28cropped%29.jpg/95px-JonTester_%28cropped%29.jpg,https://en.wikipedia.org/wiki/wiki/Jon_Tester
Montana,Steve Daines,https://upload.wikimedia.org/wikipedia/commons/thumb/e/e5/Steve_Daines_official_Senate_portrait_%28cropped%29.jpg/95px-Steve_Daines_official_Senate_portrait_%28cropped%29.jpg,https://en.wikipedia.org/wiki/wiki/Steve_Daines
Nebraska,Deb Fischer,https://upload.wikimedia.org/wikipedia/commons/thumb/0/0b/Deb_Fischer%2C_official_portrait%2C_115th_Congress_%28cropped%29.jpg/95px-Deb_Fischer%2C_official_portrait%2C_115th_Congress_%28cropped%29.jpg,https://en.wikipedia.org/wiki/wiki/Deb_Fischer
Nebraska,Ben Sasse,https://upload.wikimedia.org/wikipedia/commons/thumb/d/d3/Ben_Sasse_Official_photo_%28cropped%29.jpg/95px-Ben_Sasse_Official_photo_%28cropped%29.jpg,https://en.wikipedia.org/wiki/wiki/Ben_Sasse
Nevada,Catherine Cortez Masto,https://upload.wikimedia.org/wikipedia/commons/thumb/e/e7/Catherine_Cortez_Masto_official_portrait_%28cropped%29.jpg/95px-Catherine_Cortez_Masto_official_portrait_%28cropped%29.jpg,https://en.wikipedia.org/wiki/wiki/Catherine_Cortez_Masto
Nevada,Jacky Rosen,https://upload.wikimedia.org/wikipedia/commons/thumb/2/28/Jacky_Rosen%2C_official_portrait%2C_116th_congress_%28cropped-1%29.jpg/95px-Jacky_Rosen%2C_official_portrait%2C_116th_congress_%28cropped-1%29.jpg,https://en.wikipedia.org/wiki/wiki/Jacky_Rosen
New Hampshire,Jeanne Shaheen,https://upload.wikimedia.org/wikipedia/commons/thumb/2/21/Jeanne_Shaheen%2C_official_Senate_photo_portrait%2C_2009_%28cropped%29.jpg/95px-Jeanne_Shaheen%2C_official_Senate_photo_portrait%2C_2009_%28cropped%29.jpg,https://en.wikipedia.org/wiki/wiki/Jeanne_Shaheen
New Hampshire,Maggie Hassan,https://upload.wikimedia.org/wikipedia/commons/thumb/a/ae/Maggie_Hassan%2C_official_portrait%2C_115th_Congress_%28cropped%29.jpg/95px-Maggie_Hassan%2C_official_portrait%2C_115th_Congress_%28cropped%29.jpg,https://en.wikipedia.org/wiki/wiki/Maggie_Hassan
New Jersey,Bob Menendez,https://upload.wikimedia.org/wikipedia/commons/thumb/b/bb/Robert_Menendez_official_Senate_portrait_%28cropped%29.jpg/95px-Robert_Menendez_official_Senate_portrait_%28cropped%29.jpg,https://en.wikipedia.org/wiki/wiki/Bob_Menendez
New Jersey,Cory Booker,https://upload.wikimedia.org/wikipedia/commons/thumb/5/59/Cory_Booker%2C_official_portrait%2C_114th_Congress.jpg/95px-Cory_Booker%2C_official_portrait%2C_114th_Congress.jpg,https://en.wikipedia.org/wiki/wiki/Cory_Booker
New Mexico,Tom Udall,https://upload.wikimedia.org/wikipedia/commons/thumb/6/6a/Tom_Udall_official_photo_%28cropped%29.jpg/95px-Tom_Udall_official_photo_%28cropped%29.jpg,https://en.wikipedia.org/wiki/wiki/Tom_Udall
New Mexico,Martin Heinrich,https://upload.wikimedia.org/wikipedia/commons/thumb/6/6f/Heinrich_Official_Headshot_2019_%28cropped%29.jpg/95px-Heinrich_Official_Headshot_2019_%28cropped%29.jpg,https://en.wikipedia.org/wiki/wiki/Martin_Heinrich
New York,Chuck Schumer,https://upload.wikimedia.org/wikipedia/commons/thumb/3/3b/Chuck_Schumer_official_photo_%28cropped%29.jpg/95px-Chuck_Schumer_official_photo_%28cropped%29.jpg,https://en.wikipedia.org/wiki/wiki/Chuck_Schumer
New York,Kirsten Gillibrand,https://upload.wikimedia.org/wikipedia/commons/thumb/1/14/Kirsten_Gillibrand%2C_official_photo%2C_116th_Congress_%28cropped%29.jpg/95px-Kirsten_Gillibrand%2C_official_photo%2C_116th_Congress_%28cropped%29.jpg,https://en.wikipedia.org/wiki/wiki/Kirsten_Gillibrand
North Carolina,Richard Burr,https://upload.wikimedia.org/wikipedia/commons/thumb/b/b1/Richard_Burr_official_portrait_%28cropped%29.jpg/95px-Richard_Burr_official_portrait_%28cropped%29.jpg,https://en.wikipedia.org/wiki/wiki/Richard_Burr
North Carolina,Thom Tillis,https://upload.wikimedia.org/wikipedia/commons/thumb/9/94/Thom_Tillis_Official_Photo_%28cropped%29.jpg/95px-Thom_Tillis_Official_Photo_%28cropped%29.jpg,https://en.wikipedia.org/wiki/wiki/Thom_Tillis
North Dakota,John Hoeven,https://upload.wikimedia.org/wikipedia/commons/thumb/7/75/Hoeven_Official_Portrait_2014_%28cropped%29.JPG/95px-Hoeven_Official_Portrait_2014_%28cropped%29.JPG,https://en.wikipedia.org/wiki/wiki/John_Hoeven
North Dakota,Kevin Cramer,https://upload.wikimedia.org/wikipedia/commons/thumb/f/ff/Kevin_Cramer%2C_official_portrait%2C_116th_congress_%28cropped%29.jpg/95px-Kevin_Cramer%2C_official_portrait%2C_116th_congress_%28cropped%29.jpg,https://en.wikipedia.org/wiki/wiki/Kevin_Cramer
Ohio,Sherrod Brown,https://upload.wikimedia.org/wikipedia/commons/thumb/f/f6/Sherrod_Brown_official_photo_2009_2_%28cropped%29.jpg/95px-Sherrod_Brown_official_photo_2009_2_%28cropped%29.jpg,https://en.wikipedia.org/wiki/wiki/Sherrod_Brown
Ohio,Rob Portman,https://upload.wikimedia.org/wikipedia/commons/thumb/6/63/Rob_Portman_official_portrait_%28cropped%29.jpg/95px-Rob_Portman_official_portrait_%28cropped%29.jpg,https://en.wikipedia.org/wiki/wiki/Rob_Portman
Oklahoma,Jim Inhofe,https://upload.wikimedia.org/wikipedia/commons/thumb/4/48/Jim_Inhofe_official_portrait_%28cropped%29.jpg/95px-Jim_Inhofe_official_portrait_%28cropped%29.jpg,https://en.wikipedia.org/wiki/wiki/Jim_Inhofe
Oklahoma,James Lankford,https://upload.wikimedia.org/wikipedia/commons/thumb/0/0b/James_Lankford_official_portrait_115th_congress_%28cropped%29.jpg/95px-James_Lankford_official_portrait_115th_congress_%28cropped%29.jpg,https://en.wikipedia.org/wiki/wiki/James_Lankford
Oregon,Ron Wyden,https://upload.wikimedia.org/wikipedia/commons/thumb/c/c6/Ron_Wyden_official_photo_%28cropped%29.jpg/95px-Ron_Wyden_official_photo_%28cropped%29.jpg,https://en.wikipedia.org/wiki/wiki/Ron_Wyden
Oregon,Jeff Merkley,https://upload.wikimedia.org/wikipedia/commons/thumb/e/ee/Jeff_Merkley%2C_115th_official_photo_%28cropped%29.jpg/95px-Jeff_Merkley%2C_115th_official_photo_%28cropped%29.jpg,https://en.wikipedia.org/wiki/wiki/Jeff_Merkley
Pennsylvania,Bob Casey Jr.,https://upload.wikimedia.org/wikipedia/commons/thumb/6/6d/Bob_Casey_Jr._official_photo_%28cropped%29.jpg/95px-Bob_Casey_Jr._official_photo_%28cropped%29.jpg,https://en.wikipedia.org/wiki/wiki/Bob_Casey_Jr.
Pennsylvania,Pat Toomey,https://upload.wikimedia.org/wikipedia/commons/thumb/5/5d/Pat_Toomey_official_photo_%28cropped%29.jpg/95px-Pat_Toomey_official_photo_%28cropped%29.jpg,https://en.wikipedia.org/wiki/wiki/Pat_Toomey
Rhode Island,Jack Reed,https://upload.wikimedia.org/wikipedia/commons/thumb/1/14/Senator_Jack_Reed_official_photo_%28cropped%29.jpg/95px-Senator_Jack_Reed_official_photo_%28cropped%29.jpg,https://en.wikipedia.org/wiki/wiki/Jack_Reed_(Rhode_Island_politician)
Rhode Island,Sheldon Whitehouse,https://upload.wikimedia.org/wikipedia/commons/thumb/a/a7/Sheldon_Whitehouse%2C_official_portrait%2C_116th_congress.jpg/95px-Sheldon_Whitehouse%2C_official_portrait%2C_116th_congress.jpg,https://en.wikipedia.org/wiki/wiki/Sheldon_Whitehouse
South Carolina,Lindsey Graham,https://upload.wikimedia.org/wikipedia/commons/thumb/f/f1/Lindsey_Graham%2C_official_photo%2C_113th_Congress_%28cropped%29.jpg/95px-Lindsey_Graham%2C_official_photo%2C_113th_Congress_%28cropped%29.jpg,https://en.wikipedia.org/wiki/wiki/Lindsey_Graham
South Carolina,Tim Scott,https://upload.wikimedia.org/wikipedia/commons/thumb/b/ba/Tim_Scott%2C_official_portrait%2C_113th_Congress_%28cropped_2%29.jpg/95px-Tim_Scott%2C_official_portrait%2C_113th_Congress_%28cropped_2%29.jpg,https://en.wikipedia.org/wiki/wiki/Tim_Scott
South Dakota,John Thune,https://upload.wikimedia.org/wikipedia/commons/thumb/c/c5/John_Thune%2C_official_portrait%2C_111th_Congress_%28cropped%29.jpg/95px-John_Thune%2C_official_portrait%2C_111th_Congress_%28cropped%29.jpg,https://en.wikipedia.org/wiki/wiki/John_Thune
South Dakota,Mike Rounds,https://upload.wikimedia.org/wikipedia/commons/thumb/4/41/Mike_Rounds_official_Senate_portrait_%28cropped%29.jpg/95px-Mike_Rounds_official_Senate_portrait_%28cropped%29.jpg,https://en.wikipedia.org/wiki/wiki/Mike_Rounds
Tennessee,Lamar Alexander,https://upload.wikimedia.org/wikipedia/commons/thumb/e/e2/Lamar_Alexander_official_photo_%28cropped%29.jpg/95px-Lamar_Alexander_official_photo_%28cropped%29.jpg,https://en.wikipedia.org/wiki/wiki/Lamar_Alexander
Tennessee,Marsha Blackburn,https://upload.wikimedia.org/wikipedia/commons/thumb/0/05/Marsha_Blackburn%2C_official_photo%2C_116th_Congress_%28cropped%29.jpg/95px-Marsha_Blackburn%2C_official_photo%2C_116th_Congress_%28cropped%29.jpg,https://en.wikipedia.org/wiki/wiki/Marsha_Blackburn
Texas,John Cornyn,https://upload.wikimedia.org/wikipedia/commons/thumb/e/e4/John_Cornyn_%28cropped%29.jpg/95px-John_Cornyn_%28cropped%29.jpg,https://en.wikipedia.org/wiki/wiki/John_Cornyn
Texas,Ted Cruz,https://upload.wikimedia.org/wikipedia/commons/thumb/9/94/Ted_Cruz_official_116th_portrait_%28cropped%29.jpg/95px-Ted_Cruz_official_116th_portrait_%28cropped%29.jpg,https://en.wikipedia.org/wiki/wiki/Ted_Cruz
Utah,Mike Lee,https://upload.wikimedia.org/wikipedia/commons/thumb/4/46/Mike_Lee%2C_official_portrait_%28cropped%29.jpg/95px-Mike_Lee%2C_official_portrait_%28cropped%29.jpg,https://en.wikipedia.org/wiki/wiki/Mike_Lee_(American_politician)
Utah,Mitt Romney,https://upload.wikimedia.org/wikipedia/commons/thumb/f/f8/Mitt_Romney_official_US_Senate_portrait_%28cropped%29.jpg/95px-Mitt_Romney_official_US_Senate_portrait_%28cropped%29.jpg,https://en.wikipedia.org/wiki/wiki/Mitt_Romney
Vermont,Patrick Leahy,https://upload.wikimedia.org/wikipedia/commons/thumb/4/46/Patrick_Leahy_official_photo_%28cropped%29.jpg/95px-Patrick_Leahy_official_photo_%28cropped%29.jpg,https://en.wikipedia.org/wiki/wiki/Patrick_Leahy
Vermont,Bernie Sanders,https://upload.wikimedia.org/wikipedia/commons/thumb/7/73/Bernie_Sanders_%28cropped%29.jpg/95px-Bernie_Sanders_%28cropped%29.jpg,https://en.wikipedia.org/wiki/wiki/Bernie_Sanders
Virginia,Mark Warner,https://upload.wikimedia.org/wikipedia/commons/thumb/5/5e/Mark_Warner_113th_Congress_photo_%28cropped%29.jpg/95px-Mark_Warner_113th_Congress_photo_%28cropped%29.jpg,https://en.wikipedia.org/wiki/wiki/Mark_Warner
Virginia,Tim Kaine,https://upload.wikimedia.org/wikipedia/commons/thumb/7/76/Tim_Kaine_116th_official_portrait_%28cropped%29.jpg/95px-Tim_Kaine_116th_official_portrait_%28cropped%29.jpg,https://en.wikipedia.org/wiki/wiki/Tim_Kaine
Washington,Patty Murray,https://upload.wikimedia.org/wikipedia/commons/thumb/9/9d/Patty_Murray%2C_official_portrait%2C_113th_Congress_%28cropped%29.jpg/95px-Patty_Murray%2C_official_portrait%2C_113th_Congress_%28cropped%29.jpg,https://en.wikipedia.org/wiki/wiki/Patty_Murray
Washington,Maria Cantwell,https://upload.wikimedia.org/wikipedia/commons/thumb/8/8f/Maria_Cantwell_%28cropped%29.jpg/95px-Maria_Cantwell_%28cropped%29.jpg,https://en.wikipedia.org/wiki/wiki/Maria_Cantwell
West Virginia,Joe Manchin,https://upload.wikimedia.org/wikipedia/commons/thumb/c/cc/Senator_Manchin_%28cropped%29.jpg/95px-Senator_Manchin_%28cropped%29.jpg,https://en.wikipedia.org/wiki/wiki/Joe_Manchin
West Virginia,Shelley Moore Capito,https://upload.wikimedia.org/wikipedia/commons/thumb/3/37/Shelley_Moore_Capito_official_Senate_photo_%28cropped_2%29.jpg/95px-Shelley_Moore_Capito_official_Senate_photo_%28cropped_2%29.jpg,https://en.wikipedia.org/wiki/wiki/Shelley_Moore_Capito
Wisconsin,Ron Johnson,https://upload.wikimedia.org/wikipedia/commons/thumb/3/33/Ron_Johnson%2C_official_portrait%2C_112th_Congress_%28cropped%29.jpg/95px-Ron_Johnson%2C_official_portrait%2C_112th_Congress_%28cropped%29.jpg,https://en.wikipedia.org/wiki/wiki/Ron_Johnson_(Wisconsin_politician)
Wisconsin,Tammy Baldwin,https://upload.wikimedia.org/wikipedia/commons/thumb/7/7d/Tammy_Baldwin%2C_official_portrait%2C_113th_Congress_%28cropped%29.jpg/95px-Tammy_Baldwin%2C_official_portrait%2C_113th_Congress_%28cropped%29.jpg,https://en.wikipedia.org/wiki/wiki/Tammy_Baldwin
Wyoming,Mike Enzi,https://upload.wikimedia.org/wikipedia/commons/thumb/0/04/MIke_Enzi_official_portrait_115th_Congress_%28cropped%29.jpg/95px-MIke_Enzi_official_portrait_115th_Congress_%28cropped%29.jpg,https://en.wikipedia.org/wiki/wiki/Mike_Enzi
Wyoming,John Barrasso,https://upload.wikimedia.org/wikipedia/commons/thumb/4/42/John_Barrasso_official_portrait_112th_Congress_%28cropped%29.jpg/95px-John_Barrasso_official_portrait_112th_Congress_%28cropped%29.jpg,https://en.wikipedia.org/wiki/wiki/John_Barrasso